MD(ft),PORO(v/v),Permeability(mD),RHOB(g/cm3),DTS(us/ft),DT(us/ft),PEF(B/E),RD(OHMM),RS(OHMM),ROP,DENC(g/cm3),NPHI(v/v),Zone
4785.31099512,-999,-999,2.4153128318635333,114.16278505321606,66.7558230285719,0.0335468649424322,-999.0,-999.0,27.332983814353955,0.0335468649424322,0.1100900844690878,Upper
4791.87099512,-999,-999,2.266163589522638,133.82053936920025,80.95512132512441,0.0531156528055723,26.423147471460428,24.38453842839564,23.891078477392337,0.0531156528055723,0.2051485325494776,Upper
4798.430995119999,-999,-999,2.5547469176240925,182.6309273194813,90.44651012331953,0.0193944192129111,77.43080466878149,55.306508763141295,27.38653666450746,0.0193944192129111,0.2808633354925406,Upper
4804.99099512,-999,-999,2.457852132826618,131.2649671515585,80.37648008417027,0.0609899894787181,156.1034348859701,151.8274830049535,24.6681734599027,0.0609899894787181,0.1678344307738363,Upper
4811.55099512,-999,-999,2.406071539783217,130.5712595432373,76.51655639165824,0.0676939537450618,388.24001064360345,825.3416051396708,25.98870460320009,0.0676939537450618,0.1677831360053999,Lower
4818.11099512,-999,-999,2.4151702858495945,114.1790587865006,66.76667596372408,0.0335816915253832,-999.0,-999.0,27.333163616712447,0.0335816915253832,0.1102002336616773,Lower
4824.67099512,-999,-999,2.845454782698896,181.0398651997083,86.17573043252762,0.0229489321194016,72.71353487180325,90.10010471862373,27.282288282285524,0.0229489321194016,0.3317212748345224,Lower
4831.23099512,-999,-999,2.399841895878984,160.40581615977325,88.59940466697411,0.0504229370891442,77.48350650059729,135.86106723274142,26.273375532522373,0.0504229370891442,0.2378720609118524,Lower
