X(ft),Y(ft),Unit,2-Year Cumulative Production (bbl),Total_Prod_Field,Total_Prod_Well
111500,87000,Lower,735421.14,35232426.455,10754.371000000001
119500,86000,Lower,49984.2,35232426.455,9.174955
134500,90000,Lower,153651.9,35232426.455,296799.62
