Y(ft),X(ft),Unit,2-Year Cumulative Production (bbl),Total_Prod_Field,Total_Prod_Well
86277.76586,131998.5772,Lower,844816.7173,35789871.415,111110.83
82982.75069,128632.8297,Lower,843549.6394,35789871.415,633388.94
83394.62759,129754.7455,Lower,843549.6394,35789871.415,209089.38
